pdb_id,spearman_correlation
T30,0.5483819327882548
T32,0.663385221864047
T35,0.6030501819068094
T37,0.7036332077258525
T39,0.5816162725163228
T41,0.7085198932697404
T46,0.7867608393784628
T47,0.6782943650923495
T50,0.5729674462423896
T53,0.6994527630837727
T54,0.6862717850414742
