pdb_id,spearman_correlation
T30,0.5308479853715605
T32,0.6763270102609231
T35,0.5967090546174649
T37,0.7025950614874537
T39,0.5670651039575214
T41,0.741900889807546
T46,0.78233644070003
T47,0.7030212212133871
T50,0.5410012771101521
T53,0.6935208618318054
T54,0.7005683919804007
