pdb_id,spearman_correlation
T30,0.5400403913010084
T32,0.6692951240850089
T35,0.6022572957500365
T37,0.7007333044726237
T39,0.5800353405488567
T41,0.7358150207715588
T46,0.7835796556701352
T47,0.6991455160434003
T50,0.5185249045609636
T53,0.6931308324854853
T54,0.6991923860459396
