pdb_id,spearman_correlation
T30,0.48930865478859
T32,0.704551350110543
T35,0.5686291130486107
T37,0.6825439336471939
T39,0.5040143884410049
T41,0.7587255760990759
T46,0.7735047645912847
T47,0.7040030722872168
T50,0.6878433473373018
T53,0.6749096801490957
T54,0.7081484641251431
