pdb_id,spearman_correlation
T30,0.555728463025294
T32,0.664566027596198
T35,0.5956901830797409
T37,0.6842142493638771
T39,0.5766902677165845
T41,0.6018440494275399
T46,0.7700216835634922
T47,0.5844681000133574
T50,0.46345892021066404
T53,0.6551346836823216
T54,0.6587812542876822
