pdb_id,spearman_correlation
T30,0.5542664702442373
T32,0.6687060292037966
T35,0.5878316242607506
T37,0.6627138717480485
T39,0.5757340490925721
T41,0.4884469369386732
T46,0.7452308582539091
T47,0.4738967831781831
T50,0.40849696067522195
T53,0.6568953652229553
T54,0.6390801932570711
