pdb_id,spearman_correlation
T30,0.5431067461296444
T32,0.6712819565049114
T35,0.6021702487487576
T37,0.703411963873659
T39,0.5857509760496465
T41,0.7295227222949552
T46,0.7850528193804649
T47,0.6954718576489085
T50,0.4887185236799397
T53,0.6932820679102297
T54,0.6946584214012415
