pdb_id,spearman_correlation
T30,0.5592430365386409
T32,0.6663582637788672
T35,0.5975174198186163
T37,0.6637515528061032
T39,0.5927819195145803
T41,0.42738703039099807
T46,0.7315657596155273
T47,0.42342396384676495
T50,0.3180788774563366
T53,0.6587462684425666
T54,0.6189152774017297
