pdb_id,spearman_correlation
T30,0.525694128922527
T32,0.6864145487302703
T35,0.5903776045986053
T37,0.7072062587651533
T39,0.5648137170542528
T41,0.742286825023953
T46,0.7816431548786558
T47,0.6992090458485377
T50,0.5959011860619636
T53,0.6986065836315042
T54,0.7036941309914896
