pdb_id,spearman_correlation
T30,0.5683796187489275
T32,0.6733308298976346
T35,0.5443259588927997
T37,0.679103032998705
T39,0.5608905833893909
T41,0.34990861014809177
T46,0.7631635483163522
T47,0.43330851904599804
T50,0.055997013303457153
T53,0.6579995878529802
T54,0.48665964833467895
