pdb_id,spearman_correlation
T30,0.5708941555150839
T32,0.6681693040570338
T35,0.6041297485984551
T37,0.6498929032584674
T39,0.5855199447524114
T41,0.37038619514624765
T46,0.7405973515214155
T47,0.40881293530165896
T50,0.10814209334276288
T53,0.6230078040480149
T54,0.5765115374180465
