pdb_id,spearman_correlation
T30,0.40202361466937453
T32,0.6278601311456977
T35,-0.012828494458517284
T37,0.23420947708008147
T39,0.5460468989999957
T41,0.08050738257089034
T46,0.6817251579140091
T47,0.012564320130635718
T50,0.10618286996483536
T53,0.6170170792057332
T54,0.31729829343223254
