pdb_id,spearman_correlation
T30,0.503870163983163
T32,0.620973314398571
T35,0.5363504469164156
T37,0.5297019416394189
T39,0.5829013656092991
T41,0.49036464223303794
T46,0.7393005197165781
T47,0.6584768645388273
T50,0.3546345515892867
T53,0.6151198059746912
T54,0.5329809267907587
