pdb_id,spearman_correlation
T30,0.45975660657638706
T32,0.6226192943247004
T35,0.586851818680338
T37,0.6030244868500951
T39,0.5592855342787572
T41,0.6270650364242457
T46,0.7348117104773637
T47,0.6840444261722977
T50,0.5615681697773537
T53,0.5655491644911963
T54,0.5845590084626103
