pdb_id,spearman_correlation
T30,0.5315719219584571
T32,0.6572839443079119
T35,0.6009302164452212
T37,0.6719521362981352
T39,0.6181931515065762
T41,0.5474272743775311
T46,0.7771367366748105
T47,0.6838931395664661
T50,0.2086253052941788
T53,0.6615128048285309
T54,0.5398490621931518
