pdb_id,spearman_correlation
T30,0.5211090428161703
T32,0.6673410330944191
T35,0.4489981387573046
T37,0.37896520733786865
T39,0.6037797881476302
T41,-0.14702796409468086
T46,0.751465736574749
T47,0.5823950846791576
T50,0.11552579293343226
T53,0.6585824538566306
T54,0.2689574030019422
