pdb_id,spearman_correlation
T32,0.6399790264198757
T35,0.6112897927040958
T37,0.6675245946686121
T39,0.5882434513496004
T41,0.7285871763782915
T46,0.7757068781929269
T47,0.703414720403136
T50,0.0069608579899229665
T53,0.6390310198518943
T54,0.6750145839118469
