pdb_id,spearman_correlation
T32,0.6458172770082009
T35,0.5429859793930151
T37,0.7145065673117256
T39,0.3690826555543911
T41,0.7525757678622823
T46,0.7737821353670239
T47,0.712025545068434
T50,0.5861101776953539
T53,0.625623492639959
T54,0.6703220256629171
