pdb,spearman_correlation
T30,0.08592347232402138
T32,0.18287907325819547
T35,0.08939366305439421
T37,-0.06314761252191518
T39,0.1795663421292528
T41,-0.007177393186284954
T46,0.16193434948629207
T47,-0.059500927770139454
T50,0.3224772946824851
T53,0.5556079649330002
T54,0.14362376165653612
