pdb,spearman_correlation
T30,0.31054448977720006
T37,0.15099031226818932
T41,0.2850149484516559
T46,0.4641446389496563
T47,0.17161619761720398
T53,0.5849362840924106
T54,0.298242328355181
