filename,spearman_corr
1acb_hydro_patches.csv,0.5414124084800032
1j7d_hydro_patches.csv,0.5424244582649134
1wqj_hydro_patches.csv,0.4028103407488251
1wrd_hydro_patches.csv,0.6874158297780505
6xod_hydro_patches.csv,0.7076605760580124
