pdb_id,spearman_correlation
T30,0.5749981041564233
T32,0.599454762095575
T35,0.5991260262080021
T37,0.7042558614097291
T39,0.4977061955136088
T41,0.523397638134371
T46,0.7599299758594565
T47,0.6485291577024882
T50,0.11547794335359217
T53,0.6411505687449239
T54,0.6235000977711422
