pdb_id,spearman_correlation
T30,0.5832243911088589
T32,0.6132551977610643
T35,0.5861987129591728
T37,0.695442233064297
T39,0.3376388985837134
T41,0.1605995558136406
T46,0.6281334581720003
T47,0.4424453689786983
T50,0.5893233923842368
T53,0.666193850198712
T54,0.32469147195720965
