pdb_id,spearman_correlation
T32,0.653072804705568
T35,0.6145033007766324
T37,0.7042997923885432
T39,0.5442817230752526
T41,0.6416385221485309
T46,0.7442558337956542
T47,0.7100515232969921
T50,0.6637134816566915
T53,0.6349572603837751
T54,0.6406168444529878
