pdb_id,spearman_correlation
T30,0.5458497906832327
T32,0.6655012871132299
T35,0.5572995971139333
T37,0.6636589778370937
T39,0.6112536238117936
T41,0.4403888676954391
T46,0.7789939427570538
T47,0.5602411941507298
T50,0.09910768341472875
T53,0.6650381898925182
T54,0.5165495170903122
