pdb_id,spearman_correlation
T30,0.5379626409776163
T32,0.6397401225153627
T35,0.6105773734465177
T37,0.6633658048621113
T39,0.5869421261490837
T41,0.7284028320122061
T46,0.7749199755871514
T47,0.702241845990319
T50,0.009298903307981927
T53,0.6384614739450528
T54,0.6742836956327714
