pdb_id,spearman_correlation
T32,0.7410257618662903
T35,0.17771467712742361
T37,-0.207981347282156
T39,-0.1759953139724411
T41,0.7716964109597669
T46,0.5434621068319193
T47,0.6742101300857655
T50,0.5632632435872245
T53,0.3256741742225695
T54,0.5827844334060369
