pdb_id,spearman_correlation
T32,0.6458172770082009
T35,0.5429701698140668
T37,0.7145039965782448
T39,0.36908933452732773
T41,0.7490706022690338
T46,0.7738026810246755
T47,0.7120280047767413
T50,0.5862698272469485
T53,0.6256176522254185
T54,0.6652483341064218
