pdb_id,spearman_correlation
T30,0.5166929420387236
T32,0.6874734175095688
T35,0.586369139642439
T37,0.7053107525083046
T39,0.546886926185662
T41,0.7477416070710212
T46,0.7801813853453581
T47,0.7032206612152292
T50,0.6157152647558283
T53,0.6943009782923071
T54,0.7039377031027697
