pdb_id,spearman_correlation
T30,0.5457250506983081
T32,0.6630033431836097
T35,0.6043680368329801
T37,0.7018045266657013
T39,0.5853679594780596
T41,0.7239056609423091
T46,0.785513663510665
T47,0.6914175076785553
T50,0.5360580028914834
T53,0.6940776988090702
T54,0.6916906658392049
