pdb_id,spearman_correlation
T30,0.5513316642182722
T32,0.6648787315390131
T35,0.6052331341720253
T37,0.703235268792421
T39,0.5884397715542268
T41,0.7111410170341188
T46,0.7871598154700175
T47,0.6852243936598591
T50,0.49040787411445397
T53,0.6875792036717165
T54,0.6833315181805605
