pdb_id,spearman_correlation
T30,0.5478389603270042
T32,0.6666114241211345
T35,0.5888782318124505
T37,0.6659547350552949
T39,0.5849417926635445
T41,0.6197463219602974
T46,0.7610328643955651
T47,0.6143267286438714
T50,0.31011839287210147
T53,0.6159129888557398
T54,0.6292966253946544
