pdb_id,spearman_correlation
T30,0.5575421761974979
T32,0.6678718181298859
T35,0.5948555713944372
T37,0.6383615468919407
T39,0.5585029089357055
T41,0.5040653308073548
T46,0.7424601167723418
T47,0.5139615027606085
T50,0.2795861168785804
T53,0.6123803141573768
T54,0.6186138106620043
