pdb_id,spearman_correlation
T30,0.5867975211153144
T32,0.6714755630080014
T35,0.5876058147683754
T37,0.6888552083903302
T39,0.5677088479343496
T41,0.3499110790780173
T46,0.7608536941398892
T47,0.4147913161386751
T50,0.16489979510183178
T53,0.6508295187184183
T54,0.5166370772799457
