pdb_id,spearman_correlation
T30,0.3647501475200728
T32,0.584738905110087
T35,0.4441493164223567
T37,0.4263153277858489
T39,0.46261736522107744
T41,0.5438608546648543
T46,0.674463070267838
T47,0.6150257609373759
T50,0.4879282261608854
T53,0.5227101633744139
T54,0.5082971090271983
