pdb_id,spearman_correlation
T30,0.3929289099493937
T32,0.5459130783279317
T35,0.5258593077022091
T37,0.532764621288326
T39,0.527705227498632
T41,0.632260566419043
T46,0.6544603282417366
T47,0.6507033887406568
T50,0.6187873439751731
T53,0.5659119525232502
T54,0.5211326230154861
