pdb_id,spearman_correlation
T30,0.3438448809120439
T32,0.6310562019706653
T35,-0.27983442893307064
T37,0.17175377729824887
T39,0.504134980733872
T41,-0.2656902209556241
T46,0.6479819386640072
T47,-0.23736215872681068
T50,0.0654706333177876
T53,0.5964485063666787
T54,0.12980640023705786
