pdb_id,spearman_correlation
T30,0.516988894852289
T32,0.6377524650326015
T35,0.6020408440397187
T37,0.6448714650674989
T39,0.5235699953366034
T41,0.6091687104581178
T46,0.7597606542791496
T47,0.6843592647953922
T50,0.31722898976110114
T53,0.625219133515073
T54,0.5730012612514832
