pdb_id,spearman_correlation
T30,0.5143348850646269
T32,0.6644683416895056
T35,0.5845152553594702
T37,0.6448702360120634
T39,0.6291027596991319
T41,0.2498872601649169
T46,0.7679326530312979
T47,0.6503199877686208
T50,0.03941107335734601
T53,0.6641967398699714
T54,0.4830300396708197
