pdb_id,spearman_correlation
T32,0.683181081312642
T35,0.5075568778119407
T37,0.7186559849584514
T39,0.3377616169012006
T41,0.7477485319231145
T46,0.7734359326004991
T47,0.7178054264753785
T50,0.5503081011961359
T53,0.6438449631181957
T54,0.70414132883023
