pdb_id,spearman_correlation
T32,0.5972958942575849
T35,0.6459773234079768
T37,0.6211827265011269
T39,0.5960452678289142
T41,0.7272874280729403
T46,0.750572231132832
T47,0.7151817580847507
T50,0.16268399912195836
T53,0.6508603357796028
T54,0.6467674916190534
