pdb_id,spearman_correlation
T32,0.6639318478680251
T35,0.598373022948636
T37,0.5551522437866825
T39,0.5402994397150774
T41,0.7544915574556665
T46,0.7476513899456727
T47,0.7141190927096167
T50,0.6433197892517923
T53,0.6371628491033889
T54,0.7259589746399183
