pdb_id,spearman_correlation
T32,0.7407185743005947
T35,0.1708715293648041
T37,-0.2082260066685901
T39,-0.18743712425057196
T41,0.7715474144314813
T46,0.5445150718158069
T47,0.6740722205754001
T50,0.5511447474037935
T53,0.3282142773037331
T54,0.5824475613199218
