pdb_id,spearman_correlation
T30,0.5514238792395589
T32,0.6653682864684533
T35,0.6067587576908487
T37,0.6979949110187681
T39,0.5989933922979472
T41,0.7268539747616383
T46,0.7844413196202062
T47,0.6908864935021218
T50,0.46198682299637167
T53,0.6980098223640737
T54,0.6987728104580194
