pdb_id,spearman_correlation
T30,0.5412690811432485
T32,0.64002406956201
T35,0.6157120419077322
T37,0.6691140473515815
T39,0.567486853474943
T41,0.7446272657198137
T46,0.7783655999869462
T47,0.7176992800420761
T50,0.4219345597136812
T53,0.6546834907286803
T54,0.694399397589989
