filename,spearman_corr
1acb_hydro_patches.csv,0.5556646018907401
1j7d_hydro_patches.csv,0.5309015029447196
1wqj_hydro_patches.csv,0.41901777209859553
1wrd_hydro_patches.csv,0.6923894696717768
6xod_hydro_patches.csv,0.7240759189911071
