pdb_id,spearman_correlation
T30,0.5075905896797488
T32,0.6830541572942156
T35,0.5112496032312747
T37,0.7187696219876732
T39,0.3516065975257115
T41,0.7474905263442203
T46,0.7737792082684264
T47,0.7182127376868419
T50,0.55871669895582
T53,0.6438864236985967
T54,0.7038747210655447
