pdb_id,spearman_correlation
T30,0.5452646600237784
T32,0.6661906924030518
T35,0.557263702249207
T37,0.663940399703699
T39,0.6111721566201144
T41,0.4406270401777141
T46,0.7788747888163546
T47,0.5601227564483523
T50,0.102712666854205
T53,0.6661813924337516
T54,0.5169562293383299
